user_id,first_name,last_name,birth_date,contact_num,email,address,city_id
1,Dinda,Haryanto,1982-06-30,+62 (085) 073 8648,dinda.haryanto@example.com,Jl. Jakarta No. 5,10
2,Cayadi,Suwarno,1940-08-21,(072) 889 4161,cayadi.suwarno@example.com,Jl. Kiaracondong No. 9,9
3,Rahayu,Wahyuni,1964-09-15,+62 (0737) 444-8598,rahayu.wahyuni@example.com,Gg. Otto Iskandardinata No. 8,13
4,Ivan,Adriansyah,1941-12-29,+62 (071) 386 8143,ivan.adriansyah@example.com,Jalan Kapten Muslihat No. 2,28
5,Yulia,Suryono,1995-12-02,+62 (054) 098 2222,yulia.suryono@example.com,Gg. Peta No. 8,4
6,Dian,Sihombing,1976-12-25,(0348) 664 0469,dian.sihombing@example.com,Gang Astana Anyar No. 935,5
7,Shania,Sihombing,2004-01-14,(020) 826-6020,shania.sihombing@example.com,Jl. Sadang Serang No. 85,22
8,Melinda,Nababan,1957-07-08,+62 (057) 924-8718,melinda.nababan@example.com,Gang M.H Thamrin No. 574,22
9,Prasetyo,Thamrin,2001-12-07,081 369 7163,prasetyo.thamrin@example.com,Gg. Rungkut Industri No. 949,7
10,Vanya,Pudjiastuti,1950-02-11,+62-27-507-5466,vanya.pudjiastuti@example.com,Jalan Antapani Lama No. 6,25
11,Latika,Nasyiah,1957-08-25,+62 (0317) 331-8350,latika.nasyiah@example.com,Gang Sentot Alibasa No. 220,2
12,Darman,Fujiati,1981-11-21,(068) 644-0649,darman.fujiati@example.com,Jl. Suryakencana No. 29,25
13,Dariati,Handayani,1965-09-06,(0034) 719 4566,dariati.handayani@example.com,Jalan Jend. Sudirman No. 20,9
14,Silvia,Halim,1996-10-25,+62 (030) 256 1383,silvia.halim@example.com,Gang HOS. Cokroaminoto No. 54,4
15,Asirwanda,Hardiansyah,1998-06-18,+62 (755) 176 0499,asirwanda.hardiansyah@example.com,Jl. Pasir Koja No. 842,20
16,Salman,Wibowo,1994-06-23,+62-037-382-1524,salman.wibowo@example.com,Gang Jend. A. Yani No. 2,15
17,Adika,Hutagalung,1979-06-03,0850372738,adika.hutagalung@example.com,Jl. Setiabudhi No. 787,9
18,Vega,Thamrin,1946-08-11,+62 (08) 597-9068,vega.thamrin@example.com,Gg. Merdeka No. 837,24
19,Nyana,Mulyani,1973-05-07,(0474) 416 5132,nyana.mulyani@example.com,Gg. Gardujati No. 88,3
20,Bambang,Irawan,1983-04-07,(004) 577-2826,bambang.irawan@example.com,Jl. Gegerkalong Hilir No. 8,21
21,Warta,Mahendra,1971-11-07,0820719310,warta.mahendra@example.com,Jl. Gardujati No. 30,29
22,Labuh,Astuti,1967-09-15,(028) 590-1816,labuh.astuti@example.com,Gg. Bangka Raya No. 22,18
23,Jinawi,Mardhiyah,1984-05-13,(091) 723-2566,jinawi.mardhiyah@example.com,Gg. Dipatiukur No. 947,3
24,Gading,Nababan,1996-04-08,087 275 6311,gading.nababan@example.com,Gang M.T Haryono No. 0,4
25,Salwa,Wastuti,1995-01-15,(0239) 281 0461,salwa.wastuti@example.com,Jl. Bangka Raya No. 53,3
26,Zamira,Yolanda,1999-10-03,+62-17-769-9020,zamira.yolanda@example.com,Jalan Sukajadi No. 2,3
27,Umaya,Wastuti,1990-02-11,+62 (0866) 979 5882,umaya.wastuti@example.com,Jl. Cihampelas No. 1,6
28,Praba,Hutagalung,1947-07-05,+62-046-157-3605,praba.hutagalung@example.com,Jl. Pasir Koja No. 82,20
29,Rahmi,Sihombing,1996-11-22,+62 (048) 390 5058,rahmi.sihombing@example.com,Jalan Jakarta No. 21,4
30,Dasa,Prasetyo,1987-05-27,+62 (0812) 721-5697,dasa.prasetyo@example.com,Gang Setiabudhi No. 89,26
31,Embuh,Mahendra,1939-02-26,+62 (0091) 564 2961,embuh.mahendra@example.com,Gg. Rawamangun No. 1,28
32,Garang,Putra,1983-05-31,+62-0314-909-6056,garang.putra@example.com,Jalan Kapten Muslihat No. 5,9
33,Putu,Uwais,1962-02-20,+62 (0434) 678-8166,putu.uwais@example.com,Gang Sentot Alibasa No. 823,28
34,Paulin,Yuniar,1944-10-05,085 712 5865,paulin.yuniar@example.com,Gang Tubagus Ismail No. 303,13
35,Ganda,Maryadi,1980-02-29,+62-0437-352-5929,ganda.maryadi@example.com,Gang Rungkut Industri No. 9,4
36,Cager,Halimah,1950-07-22,+62 (088) 398 5341,cager.halimah@example.com,Gang Setiabudhi No. 852,21
37,Anita,Aryani,1942-09-10,+62 (069) 927 1312,anita.aryani@example.com,Gg. Antapani Lama No. 28,1
38,Gadang,Tamba,1939-06-08,0820333165,gadang.tamba@example.com,Jl. Joyoboyo No. 5,26
39,Gaiman,Hutagalung,1946-03-09,+62 (410) 636 8422,gaiman.hutagalung@example.com,Gg. W.R. Supratman No. 447,26
40,Cakrawangsa,Permata,1973-11-11,(014) 043 0878,cakrawangsa.permata@example.com,Jalan Ronggowarsito No. 67,25
41,Cakrabirawa,Puspasari,1969-01-27,+62 (153) 371-9888,cakrabirawa.puspasari@example.com,Gang Wonoayu No. 478,27
42,Raihan,Sihombing,1965-02-28,+62 (0803) 289 5709,raihan.sihombing@example.com,Gang Rumah Sakit No. 0,17
43,Jaka,Samosir,1954-04-01,+62 (0675) 652-6405,jaka.samosir@example.com,Jl. W.R. Supratman No. 4,17
44,Jagapati,Hutasoit,1938-05-18,(0373) 359 9841,jagapati.hutasoit@example.com,Gang Antapani Lama No. 8,12
45,Najam,Damanik,1995-08-01,+62 (0741) 871 7377,najam.damanik@example.com,Jalan W.R. Supratman No. 1,4
46,Pranawa,Lazuardi,1969-02-01,(055) 611 3855,pranawa.lazuardi@example.com,Jl. Medokan Ayu No. 956,18
47,Uda,Lailasari,1986-09-02,+62 (0649) 768 4007,uda.lailasari@example.com,Jalan Laswi No. 706,12
48,Garan,Laksita,1963-09-23,+62 (001) 166-9202,garan.laksita@example.com,Jalan Soekarno Hatta No. 783,26
49,Luwes,Adriansyah,1970-05-07,(0818) 007-7848,luwes.adriansyah@example.com,Jalan Kendalsari No. 4,27
50,Surya,Firgantoro,1945-09-20,+62 (0638) 639-5361,surya.firgantoro@example.com,Gang Pasir Koja No. 1,28
51,Bancar,Uwais,1973-03-22,(099) 811 9909,bancar.uwais@example.com,Jl. Kapten Muslihat No. 7,25
52,Lala,Susanti,1949-05-04,+62 (0640) 859 2983,lala.susanti@example.com,Jalan Dr. Djunjunan No. 5,9
53,Martaka,Mandala,1950-04-29,081 147 3252,martaka.mandala@example.com,Jalan Ahmad Yani No. 57,30
54,Gaduh,Siregar,1984-11-13,0826669174,gaduh.siregar@example.com,Jl. Peta No. 17,24
55,Prakosa,Simbolon,1949-04-28,+62 (53) 511-6463,prakosa.simbolon@example.com,Jalan Rawamangun No. 244,16
56,Siska,Widiastuti,1976-11-19,+62-035-275-8267,siska.widiastuti@example.com,Jl. Lembong No. 9,10
57,Yuliana,Novitasari,1939-06-06,(0881) 492-2971,yuliana.novitasari@example.com,Gg. Pasir Koja No. 83,4
58,Hendra,Anggriawan,1994-08-29,(0690) 738 7539,hendra.anggriawan@example.com,Gang Pasteur No. 7,7
59,Bancar,Budiman,1982-06-22,(0592) 451-9491,bancar.budiman@example.com,Jl. Tubagus Ismail No. 640,2
60,Garang,Widiastuti,1935-07-23,(093) 092 9737,garang.widiastuti@example.com,Gg. Cihampelas No. 01,7
61,Calista,Puspita,1988-08-04,+62 (098) 153 4239,calista.puspita@example.com,Gg. Ahmad Yani No. 35,26
62,Caket,Wahyudin,1949-04-27,+62 (66) 385-9840,caket.wahyudin@example.com,Jl. Ir. H. Djuanda No. 2,5
63,Ridwan,Simanjuntak,1977-02-05,(035) 086 5313,ridwan.simanjuntak@example.com,Gg. Suniaraja No. 133,30
64,Atma,Nababan,1991-08-23,+62 (31) 142-3578,atma.nababan@example.com,Jalan Soekarno Hatta No. 514,10
65,Elisa,Kusumo,1971-07-14,+62 (0697) 182-9632,elisa.kusumo@example.com,Jl. S. Parman No. 321,7
66,Harja,Suryono,1986-04-24,+62-008-008-2266,harja.suryono@example.com,Gg. Merdeka No. 71,21
67,Jaiman,Pudjiastuti,1976-08-20,0864792849,jaiman.pudjiastuti@example.com,Gg. Dr. Djunjunan No. 804,19
68,Saiful,Wastuti,1980-06-03,0818671674,saiful.wastuti@example.com,Gang Kebonjati No. 11,24
69,Murti,Suryatmi,1967-06-04,+62 (0387) 565-8017,murti.suryatmi@example.com,Jalan S. Parman No. 63,17
70,Jindra,Prabowo,1968-05-03,+62-028-579-2378,jindra.prabowo@example.com,Gg. Raya Setiabudhi No. 8,25
71,Paramita,Susanti,1956-08-04,0875218204,paramita.susanti@example.com,Gang Laswi No. 78,5
72,Atmaja,Permadi,1969-01-27,+62-018-727-7885,atmaja.permadi@example.com,Jl. Rajawali Barat No. 95,14
73,Hardana,Oktaviani,1950-09-25,+62 (0341) 600-7923,hardana.oktaviani@example.com,Jalan Lembong No. 32,26
74,Warsita,Wasita,1972-06-06,+62-0186-770-4737,warsita.wasita@example.com,Jl. Ronggowarsito No. 373,10
75,Sarah,Hakim,1980-09-17,+62 (926) 167 8285,sarah.hakim@example.com,Gang Setiabudhi No. 357,21
76,Cornelia,Pudjiastuti,1994-03-04,+62 (090) 457-0512,cornelia.pudjiastuti@example.com,Jalan HOS. Cokroaminoto No. 6,22
77,Tedi,Adriansyah,1967-07-12,(097) 430-3598,tedi.adriansyah@example.com,Jl. Erlangga No. 7,16
78,Erik,Maryadi,1936-02-18,(089) 635 7436,erik.maryadi@example.com,Jalan Rajawali Timur No. 79,3
79,Viktor,Prakasa,1968-08-05,+62 (712) 008 7251,viktor.prakasa@example.com,Jalan Ir. H. Djuanda No. 53,21
80,Danu,Natsir,1936-08-08,+62 (064) 978-1610,danu.natsir@example.com,Jalan Setiabudhi No. 219,14
81,Bakda,Melani,1977-09-07,085 052 5554,bakda.melani@example.com,Jalan Ahmad Dahlan No. 062,30
82,Cahyanto,Mandala,1965-06-19,+62 (006) 727 9373,cahyanto.mandala@example.com,Gg. Sukajadi No. 8,15
83,Unggul,Siregar,1992-05-10,085 807 1693,unggul.siregar@example.com,Jalan Jakarta No. 00,28
84,Lulut,Rahayu,1983-02-07,+62 (02) 763-9463,lulut.rahayu@example.com,Jl. Jamika No. 93,8
85,Jais,Oktaviani,1969-06-20,+62 (78) 671-3550,jais.oktaviani@example.com,Gg. Ronggowarsito No. 345,18
86,Dalima,Halim,1943-05-25,0886127566,dalima.halim@example.com,Jalan S. Parman No. 17,14
87,Prayoga,Ardianto,1963-04-01,+62 (0070) 809 0398,prayoga.ardianto@example.com,Gang K.H. Wahid Hasyim No. 85,6
88,Rahayu,Nasyidah,1992-09-08,+62 (024) 216-1881,rahayu.nasyidah@example.com,Gg. Tebet Barat Dalam No. 6,28
89,Koko,Sudiati,1970-04-08,+62 (634) 549-6349,koko.sudiati@example.com,Gg. Rungkut Industri No. 9,1
90,Dimas,Pudjiastuti,1962-02-24,+62 (47) 159 2551,dimas.pudjiastuti@example.com,Gg. HOS. Cokroaminoto No. 9,13
91,Salwa,Mandala,1969-02-10,0826986880,salwa.mandala@example.com,Gang Rajawali Barat No. 19,16
92,Cornelia,Wacana,1995-06-18,+62 (0502) 930-2751,cornelia.wacana@example.com,Gg. Lembong No. 089,10
93,Warsita,Andriani,1993-12-20,0895803754,warsita.andriani@example.com,Gang Tubagus Ismail No. 1,15
94,Viktor,Thamrin,1997-06-26,(0482) 674 6037,viktor.thamrin@example.com,Gg. KH Amin Jasuta No. 0,18
95,Mursinin,Wastuti,1997-06-20,+62 (0920) 290-3707,mursinin.wastuti@example.com,Jalan Cihampelas No. 172,6
96,Ifa,Gunawan,1987-09-03,+62-006-679-5899,ifa.gunawan@example.com,Gang Rumah Sakit No. 851,2
97,Gilang,Dabukke,1937-12-16,(053) 792 9369,gilang.dabukke@example.com,Jalan Kendalsari No. 174,22
98,Cagak,Susanti,1935-07-02,+62 (50) 595 7813,cagak.susanti@example.com,Jalan R.E Martadinata No. 36,2
99,Mumpuni,Oktaviani,1946-08-20,+62 (859) 903 1846,mumpuni.oktaviani@example.com,Jl. BKR No. 432,10
100,Hasna,Astuti,1953-01-26,+62 (056) 528 5350,hasna.astuti@example.com,Jl. Joyoboyo No. 95,6
101,Akarsana,Rahayu,1990-07-01,+62 (006) 471-2138,akarsana.rahayu@example.com,Gg. M.T Haryono No. 6,23
102,Gamanto,Maryadi,1995-07-26,+62 (754) 925-9206,gamanto.maryadi@example.com,Gg. Kapten Muslihat No. 707,21
103,Shakila,Sihombing,1957-02-18,(0438) 149-8061,shakila.sihombing@example.com,Jl. Laswi No. 953,17
104,Luluh,Tampubolon,1961-12-09,085 200 0094,luluh.tampubolon@example.com,Gang Lembong No. 53,29
105,Yulia,Hasanah,1939-01-16,+62 (013) 077-7814,yulia.hasanah@example.com,Gg. Pelajar Pejuang No. 719,7
106,Kenari,Tamba,1998-09-20,+62-096-637-1658,kenari.tamba@example.com,Gg. Sukabumi No. 8,13
107,Cakrabirawa,Tampubolon,1987-06-27,0894122373,cakrabirawa.tampubolon@example.com,Jl. Pacuan Kuda No. 34,22
108,Hardana,Suryono,1956-02-20,+62 (19) 713-6751,hardana.suryono@example.com,Gg. Lembong No. 213,8
109,Edward,Novitasari,1948-02-04,084 511 2705,edward.novitasari@example.com,Jalan Abdul Muis No. 341,24
110,Winda,Prastuti,1998-05-05,+62 (0869) 203-6540,winda.prastuti@example.com,Gang Merdeka No. 41,27
111,Mala,Wibowo,1957-01-21,+62-048-306-6516,mala.wibowo@example.com,Gg. Siliwangi No. 054,7
112,Salsabila,Winarno,2000-10-04,+62-041-896-6808,salsabila.winarno@example.com,Gang Indragiri No. 2,7
113,Prayogo,Adriansyah,1989-05-28,+62 (031) 049 0222,prayogo.adriansyah@example.com,Gg. Moch. Toha No. 076,4
114,Ana,Prasetya,1959-05-31,+62-952-606-6235,ana.prasetya@example.com,Gang Laswi No. 32,13
115,Ana,Januar,1994-01-06,(020) 039-8531,ana.januar@example.com,Gg. Pasirkoja No. 058,26
116,Mulyono,Gunarto,1943-05-17,+62 (0548) 760 4570,mulyono.gunarto@example.com,Jl. Pasir Koja No. 89,23
117,Jais,Sihotang,1943-07-24,+62 (0874) 432 1512,jais.sihotang@example.com,Jl. Cikutra Barat No. 2,12
118,Ilyas,Ramadan,1974-10-09,+62-28-492-3448,ilyas.ramadan@example.com,Gang Rajawali Barat No. 0,9
119,Ulva,Uyainah,1963-05-17,(0834) 424 7233,ulva.uyainah@example.com,Jl. Kiaracondong No. 03,6
120,Adikara,Susanti,1973-05-30,+62 (008) 102 9176,adikara.susanti@example.com,Gg. Kutai No. 858,12
121,Taswir,Pratiwi,1965-08-28,+62-93-643-6762,taswir.pratiwi@example.com,Gang Ahmad Yani No. 96,23
122,Ilyas,Lazuardi,1957-02-08,+62 (0743) 107 6797,ilyas.lazuardi@example.com,Gang Sadang Serang No. 76,9
123,Danuja,Puspasari,2001-12-09,084 793 6067,danuja.puspasari@example.com,Gg. Cihampelas No. 15,6
124,Atmaja,Dongoran,1964-05-12,+62-38-012-0865,atmaja.dongoran@example.com,Jalan Tubagus Ismail No. 687,7
125,Gangsar,Simbolon,1987-11-02,+62 (0004) 001-4843,gangsar.simbolon@example.com,Gg. Ciumbuleuit No. 25,11
126,Heru,Marpaung,1947-06-25,+62 (03) 748-9054,heru.marpaung@example.com,Jl. Kapten Muslihat No. 78,22
127,Mahmud,Prayoga,1946-09-17,+62 (79) 361-4264,mahmud.prayoga@example.com,Jl. Ciwastra No. 71,3
128,Dwi,Sihombing,1988-06-18,+62-02-915-3141,dwi.sihombing@example.com,Jl. Kiaracondong No. 317,11
129,Eko,Winarsih,1946-02-02,+62-65-355-4404,eko.winarsih@example.com,Gang Abdul Muis No. 93,5
130,Bella,Prastuti,1990-04-14,+62 (72) 629 4286,bella.prastuti@example.com,Gang BKR No. 823,2
131,Bakda,Utama,1965-09-09,0850642068,bakda.utama@example.com,Jalan Rajawali Barat No. 62,29
132,Talia,Nainggolan,1939-05-30,(0546) 609-8157,talia.nainggolan@example.com,Gg. Sukajadi No. 30,9
133,Samiah,Puspita,1987-05-03,(0285) 677 3333,samiah.puspita@example.com,Jl. Suniaraja No. 664,20
134,Nasab,Narpati,2005-11-19,(069) 216-5955,nasab.narpati@example.com,Gg. Dipenogoro No. 4,14
135,Dariati,Suartini,1973-01-06,+62 (0944) 492 9292,dariati.suartini@example.com,Jl. Dipenogoro No. 08,25
136,Okto,Zulaika,1961-07-11,+62-0079-754-2572,okto.zulaika@example.com,Gang Medokan Ayu No. 32,13
137,Sarah,Mulyani,1955-05-23,+62-901-543-0069,sarah.mulyani@example.com,Gang Cihampelas No. 0,28
138,Elvin,Purwanti,2005-09-05,+62-90-152-6125,elvin.purwanti@example.com,Gg. S. Parman No. 5,1
139,Cemeti,Sinaga,1982-06-08,(089) 373 4872,cemeti.sinaga@example.com,Jl. Rajiman No. 916,14
140,Heru,Maheswara,1987-07-08,+62 (659) 856-5767,heru.maheswara@example.com,Gg. Gardujati No. 80,6
141,Lamar,Permadi,1958-05-14,084 490 4624,lamar.permadi@example.com,Jl. Cikapayang No. 177,24
142,Putu,Nasyidah,1942-03-05,+62 (0694) 370-9059,putu.nasyidah@example.com,Gang Rawamangun No. 3,13
143,Karta,Pratama,1995-12-29,081 934 6052,karta.pratama@example.com,Jalan M.T Haryono No. 7,2
144,Siska,Nainggolan,1962-04-15,+62-062-516-6439,siska.nainggolan@example.com,Jl. S. Parman No. 751,13
145,Maman,Rajata,1987-06-27,+62-03-392-9116,maman.rajata@example.com,Gang Sukajadi No. 5,9
146,Balidin,Hidayanto,2002-08-13,(028) 893 4634,balidin.hidayanto@example.com,Jl. Astana Anyar No. 1,23
147,Maida,Suartini,1934-02-28,0843798559,maida.suartini@example.com,Jalan Asia Afrika No. 4,21
148,Daniswara,Hastuti,1958-01-14,+62 (751) 543-8066,daniswara.hastuti@example.com,Gang Pasirkoja No. 22,1
149,Umaya,Gunawan,1938-01-08,+62-970-919-6482,umaya.gunawan@example.com,Gg. Cikutra Barat No. 19,25
150,Jail,Budiyanto,1981-06-16,082 170 8046,jail.budiyanto@example.com,Gang Raya Setiabudhi No. 778,15
151,Hasan,Nugroho,1998-12-30,(0553) 515-7663,hasan.nugroho@example.com,Gg. Wonoayu No. 07,13
152,Ika,Pratama,2004-10-27,+62 (090) 845 0833,ika.pratama@example.com,Jalan Indragiri No. 7,5
153,Novi,Usamah,1954-03-23,+62 (481) 237-2724,novi.usamah@example.com,Gg. Cihampelas No. 5,19
154,Legawa,Pudjiastuti,1993-02-03,+62-80-315-2017,legawa.pudjiastuti@example.com,Jl. Sadang Serang No. 8,13
155,Mulya,Saptono,1980-12-09,(005) 855-4973,mulya.saptono@example.com,Jl. Tebet Barat Dalam No. 0,14
156,Waluyo,Waskita,1966-06-03,(0508) 102-2377,waluyo.waskita@example.com,Gg. K.H. Wahid Hasyim No. 8,3
157,Garang,Budiyanto,1991-08-13,+62 (0023) 889-3090,garang.budiyanto@example.com,Jl. Rajawali Timur No. 4,9
158,Dalima,Aryani,1938-05-02,+62 (85) 701 0091,dalima.aryani@example.com,Jl. Pasteur No. 77,5
159,Ajiono,Megantara,1980-12-23,(0145) 295-7044,ajiono.megantara@example.com,Gg. S. Parman No. 686,28
160,Mustofa,Adriansyah,1953-07-13,+62 (678) 355-4814,mustofa.adriansyah@example.com,Gang Tebet Barat Dalam No. 517,7
161,Darman,Saptono,1983-12-03,+62 (0768) 132 3336,darman.saptono@example.com,Gg. Antapani Lama No. 7,23
162,Shakila,Mandala,1940-04-21,+62 (071) 758-2045,shakila.mandala@example.com,Gang Raya Ujungberung No. 11,20
163,Harimurti,Mustofa,1990-11-09,+62-049-050-2096,harimurti.mustofa@example.com,Gg. Peta No. 053,27
164,Jais,Winarsih,1948-10-04,(025) 283-5477,jais.winarsih@example.com,Gang Soekarno Hatta No. 358,24
165,Lamar,Budiyanto,1986-07-25,(017) 324-7282,lamar.budiyanto@example.com,Jl. Ciumbuleuit No. 729,7
166,Atma,Saputra,1956-11-19,+62 (372) 458 9821,atma.saputra@example.com,Gang Lembong No. 9,8
167,Galur,Utami,1960-06-03,0852043197,galur.utami@example.com,Gg. Tubagus Ismail No. 834,17
168,Tari,Oktaviani,1998-02-14,+62 (548) 023 1803,tari.oktaviani@example.com,Jalan Pasteur No. 92,30
169,Hardana,Hasanah,1979-09-26,+62 (21) 528 2786,hardana.hasanah@example.com,Gang Kapten Muslihat No. 7,1
170,Dalimin,Simanjuntak,1962-05-06,+62-098-460-6374,dalimin.simanjuntak@example.com,Gang Setiabudhi No. 973,6
171,Belinda,Irawan,1998-10-21,088 676 2503,belinda.irawan@example.com,Jl. Ahmad Dahlan No. 4,17
172,Bala,Sitompul,1991-11-22,+62 (025) 454-2608,bala.sitompul@example.com,Jl. Pasir Koja No. 93,29
173,Sakti,Nasyidah,1979-07-30,+62 (017) 831-9143,sakti.nasyidah@example.com,Gg. Rumah Sakit No. 7,10
174,Cawisadi,Wulandari,1987-03-21,+62 (0773) 460 0634,cawisadi.wulandari@example.com,Jl. Cempaka No. 6,2
175,Vega,Nasyiah,1946-09-05,+62-58-306-9026,vega.nasyiah@example.com,Jl. Bangka Raya No. 7,25
176,Mustofa,Habibi,1969-01-04,+62 (036) 735 2246,mustofa.habibi@example.com,Jl. Veteran No. 482,23
177,Ivan,Utami,1976-10-01,+62 (0879) 162-9794,ivan.utami@example.com,Jl. Pelajar Pejuang No. 185,23
178,Luwes,Hariyah,1940-05-26,+62 (0002) 062-4002,luwes.hariyah@example.com,Jl. Jamika No. 62,9
179,Damar,Mahendra,1937-09-27,+62-023-332-0785,damar.mahendra@example.com,Jalan Medokan Ayu No. 1,26
180,Elvina,Januar,1975-04-27,084 956 7623,elvina.januar@example.com,Gang Gegerkalong Hilir No. 80,3
181,Pia,Pudjiastuti,1969-07-31,+62 (83) 204-3169,pia.pudjiastuti@example.com,Jl. Gedebage Selatan No. 995,14
182,Vera,Jailani,1997-06-22,086 200 1807,vera.jailani@example.com,Jl. Yos Sudarso No. 652,28
183,Fitriani,Prasetya,1982-07-18,+62-79-890-9787,fitriani.prasetya@example.com,Jalan Jayawijaya No. 6,20
184,Victoria,Simanjuntak,1976-11-19,+62 (30) 167 9418,victoria.simanjuntak@example.com,Jl. Moch. Ramdan No. 28,21
185,Amalia,Budiyanto,1998-01-11,(0152) 909-7058,amalia.budiyanto@example.com,Gg. K.H. Wahid Hasyim No. 8,12
186,Jati,Lestari,1953-10-29,+62 (23) 632-4915,jati.lestari@example.com,Gang Raya Ujungberung No. 3,28
187,Timbul,Pratama,1950-04-28,+62-65-844-9114,timbul.pratama@example.com,Jalan Suniaraja No. 885,28
188,Ivan,Gunawan,1970-07-21,085 570 7376,ivan.gunawan@example.com,Gg. Rungkut Industri No. 59,23
189,Kardi,Siregar,1985-09-06,+62 (206) 821 4449,kardi.siregar@example.com,Jl. KH Amin Jasuta No. 2,28
190,Nilam,Mangunsong,1962-06-26,+62 (0418) 649-8494,nilam.mangunsong@example.com,Jl. Gegerkalong Hilir No. 586,19
191,Digdaya,Rajata,1959-09-26,(0666) 749-8292,digdaya.rajata@example.com,Gang PHH. Mustofa No. 3,28
192,Ana,Sitompul,1976-06-22,0834965961,ana.sitompul@example.com,Jl. Soekarno Hatta No. 40,12
193,Ade,Kuswoyo,1982-04-01,0823006885,ade.kuswoyo@example.com,Jalan HOS. Cokroaminoto No. 56,10
194,Yuliana,Latupono,1941-10-27,+62 (0719) 504-7643,yuliana.latupono@example.com,Jalan Kiaracondong No. 29,10
195,Galar,Santoso,1993-05-25,(032) 102 6561,galar.santoso@example.com,Jalan Laswi No. 475,3
196,Kusuma,Rahmawati,1972-09-25,+62 (758) 386 2914,kusuma.rahmawati@example.com,Jalan Sukabumi No. 43,10
197,Kartika,Novitasari,1996-10-06,+62-087-763-2645,kartika.novitasari@example.com,Jl. Cempaka No. 4,25
198,Garda,Megantara,1933-07-18,+62 (073) 839-3809,garda.megantara@example.com,Jalan Jakarta No. 982,30
199,Nasab,Aryani,1991-09-18,0808189500,nasab.aryani@example.com,Jalan H.J Maemunah No. 57,6
200,Mahdi,Novitasari,2003-02-26,+62 (028) 098 6865,mahdi.novitasari@example.com,Jalan Peta No. 62,12
